Column 1,Column 2
0.2880298772714157,0.5195394573245796
0.9206839553474506,0.9765045204216057
0.9522301404946086,0.2229238237425044
0.09876086081519009,0.7777111465683794
0.1677896712577044,0.8952132905792788
0.5305957106276609,0.22144582564434878
0.8406062074466878,0.4005478241398065
0.05705587446405502,0.45397039192728106
0.1900663828725172,0.7889926562124336
0.5839450869143281,0.36321858905352156
